cluster	n_cells	cell_type	best_score	margin_over_2nd	score_CD4 T	score_CD8 T	score_NK	score_B	score_CD14 Mono	score_FCGR3A Mono	score_cDC	score_pDC	score_Platelet
0	217	CD14 Mono	1.68	1.07	-0.44	-0.5	-0.35	-0.44	1.68	0.62	0.38	-0.12	-0.04
1	139	B	2.2	2.12	-0.5	-0.48	-0.35	2.2	-0.62	-0.45	-0.29	0.08	-0.14
2	77	CD8 T	1.4	0.17	0.08	1.4	1.23	-0.4	-0.61	-0.35	-0.36	-0.15	-0.15
3	196	CD4 T	0.7	0.54	0.7	0.16	-0.31	-0.4	-0.61	-0.45	-0.34	-0.09	-0.15
4	49	B	2.1	1.95	-0.61	-0.5	-0.37	2.1	-0.61	-0.41	0.15	-0.05	-0.15
5	53	CD8 T	1.96	1.21	0.74	1.96	-0.34	-0.41	-0.62	-0.46	-0.36	0.03	-0.14
6	78	NK	0.71	0.01	0.15	0.71	0.71	-0.4	-0.61	-0.37	-0.36	-0.18	-0.15
7	121	CD14 Mono	1.22	0.39	-0.29	-0.47	-0.3	-0.4	1.22	0.83	0.75	-0.05	-0.03
8	56	NK	3.36	3.01	-0.44	0.02	3.36	-0.37	-0.61	0.35	-0.34	-0.18	-0.12
9	17	Platelet	7.95	7.84	-0.66	-0.5	-0.37	-0.45	-0.4	-0.51	0.11	-0.22	7.95
10	125	CD4 T	0.97	0.87	0.97	0.09	-0.35	-0.42	-0.61	-0.47	-0.34	0.02	-0.15
11	36	Low quality (no markers)	-0.15	0.07	-0.59	-0.42	-0.32	-0.39	-0.58	-0.48	-0.36	-0.22	-0.15
12	18	cDC	3.33	2.99	-0.45	-0.5	-0.32	-0.42	0.16	-0.02	3.33	0.33	-0.15
13	29	FCGR3A Mono	3.06	2.76	-0.4	-0.5	-0.31	-0.09	-0.14	3.06	0.3	0.13	-0.13
14	8	pDC	8.19	7.34	-0.23	-0.42	-0.31	-0.41	-0.61	-0.47	0.85	8.19	0.37
15	9	B	0.58	0.74	-0.66	-0.49	-0.35	0.58	-0.6	-0.49	-0.36	-0.19	-0.15
