cell_set	after_qc	cell_type	n_cells	gene	rank	log2FC	pct_in_type	pct_in_rest	padj
Cell Ranger	False	cDC	16	FCER1A	90	6.68	68.8	4.7	0.0017508097636112774
Cell Ranger	False	cDC	16	CD1C	156	4.8	62.5	5.1	0.012239179362978976
Cell Ranger	False	cDC	16	CLEC10A	145	5.2	62.5	5.7	0.011186219879850383
Cell Ranger	False	cDC	16	CST3	3	5.19	100.0	32.7	1.0246612418987428e-07
Cell Ranger	False	Platelet	15	PPBP	5	13.51	100.0	4.4	6.063705664156092e-08
Cell Ranger	False	Platelet	15	PF4	6	12.83	100.0	3.3	6.063705664156092e-08
Cell Ranger	False	Platelet	15	GNG11	21	11.69	93.3	1.8	3.09057739136809e-07
Cell Ranger	False	FCGR3A Mono	28	FCGR3A	17	6.27	85.7	8.6	6.007251711945132e-11
Cell Ranger	False	FCGR3A Mono	28	MS4A7	13	4.5	89.3	22.8	3.246657843494186e-11
Cell Ranger	False	FCGR3A Mono	28	LST1	15	4.11	89.3	39.8	4.467952522093551e-11
Cell Ranger	True	cDC	16	FCER1A	86	6.72	68.8	4.8	0.0018104849480736981
Cell Ranger	True	cDC	16	CD1C	145	4.77	62.5	5.3	0.012759658154014001
Cell Ranger	True	cDC	16	CLEC10A	137	5.18	62.5	5.9	0.011181715433614415
Cell Ranger	True	cDC	16	CST3	3	5.11	100.0	34.0	1.0686581924161797e-07
Cell Ranger	True	Platelet	15	PPBP	13	13.48	100.0	4.5	5.831871733137603e-08
Cell Ranger	True	Platelet	15	PF4	12	12.77	100.0	3.5	5.831871733137603e-08
Cell Ranger	True	Platelet	15	GNG11	21	11.63	93.3	1.9	1.878200146514049e-07
Cell Ranger	True	FCGR3A Mono	26	FCGR3A	6	6.52	92.3	8.8	1.1002260779818569e-11
Cell Ranger	True	FCGR3A Mono	26	MS4A7	11	4.55	92.3	23.7	2.988170422929276e-11
Cell Ranger	True	FCGR3A Mono	26	LST1	10	4.23	92.3	41.3	2.988170422929276e-11
Simpleaf+QCatch	False	cDC	18	FCER1A	67	6.73	66.7	4.7	0.0012984349357049296
Simpleaf+QCatch	False	cDC	18	CD1C	161	4.57	55.6	5.1	0.0336731463924576
Simpleaf+QCatch	False	cDC	18	CLEC10A	108	5.23	61.1	5.7	0.007353981033978979
Simpleaf+QCatch	False	cDC	18	CST3	3	5.21	100.0	32.8	6.409291992170407e-09
Simpleaf+QCatch	False	Platelet	17	PPBP	5	13.52	100.0	4.4	4.159323027964195e-09
Simpleaf+QCatch	False	Platelet	17	PF4	19	12.33	94.1	3.3	2.440714452540392e-08
Simpleaf+QCatch	False	Platelet	17	GNG11	16	11.72	94.1	1.8	2.440714452540392e-08
Simpleaf+QCatch	False	FCGR3A Mono	29	FCGR3A	10	6.27	86.2	8.6	2.4908402845600357e-11
Simpleaf+QCatch	False	FCGR3A Mono	29	MS4A7	20	4.39	86.2	22.7	1.0528943620707708e-10
Simpleaf+QCatch	False	FCGR3A Mono	29	LST1	9	4.09	89.7	39.7	2.2667242757685342e-11
Simpleaf+QCatch	True	cDC	18	FCER1A	65	6.77	66.7	4.8	0.0012871477934745796
Simpleaf+QCatch	True	cDC	18	CD1C	151	4.54	55.6	5.3	0.03459473348808629
Simpleaf+QCatch	True	cDC	18	CLEC10A	98	5.21	61.1	5.9	0.008080333083488926
Simpleaf+QCatch	True	cDC	18	CST3	3	5.14	100.0	34.1	6.085639200034477e-09
Simpleaf+QCatch	True	Platelet	15	PPBP	1	13.49	100.0	4.5	5.8566834602113865e-08
Simpleaf+QCatch	True	Platelet	15	PF4	9	12.78	100.0	3.4	5.8566834602113865e-08
Simpleaf+QCatch	True	Platelet	15	GNG11	21	11.64	93.3	1.9	1.9286752914883607e-07
Simpleaf+QCatch	True	FCGR3A Mono	27	FCGR3A	4	6.51	92.6	8.8	3.981020312971882e-12
Simpleaf+QCatch	True	FCGR3A Mono	27	MS4A7	20	4.43	88.9	23.7	9.765927060550752e-11
Simpleaf+QCatch	True	FCGR3A Mono	27	LST1	8	4.19	92.6	41.3	1.1813741203573542e-11
