cell_set	after_qc	cell_type	n_cells	top_genes
Cell Ranger	False	cDC	16	HLA-DRB1, CD74, CST3, HLA-DPA1, HLA-DRB6, HLA-DQA2, HLA-DRB5, HLA-DPB1, HLA-DRA, PAK1
Cell Ranger	False	Platelet	15	FERMT3, CTSA, PGRMC1, TAGLN2, PPBP, PF4, GPX1, GNAS, TUBB1, OAZ1
Cell Ranger	False	FCGR3A Mono	28	LYN, TCF7L2, UTRN, PECAM1, TBXAS1, COTL1, GRK3, SPI1, DOCK5, SAT1
Cell Ranger	True	cDC	16	HLA-DRB1, CD74, CST3, HLA-DPA1, HLA-DRB6, HLA-DQA2, HLA-DRB5, HLA-DPB1, HLA-DRA, PAK1
Cell Ranger	True	Platelet	15	TAGLN2, FERMT3, TUBA4A, CAVIN2, PGRMC1, GNAS, TUBB1, CTSA, GPX1, OAZ1
Cell Ranger	True	FCGR3A Mono	26	TCF7L2, LYN, UTRN, CDKN1C, HES4, FCGR3A, PECAM1, COTL1, PELATON, LST1
Simpleaf+QCatch	False	cDC	18	HLA-DRB1, CD74, CST3, HLA-DPA1, HLA-DPB1, HLA-DRA, HLA-DQA2, ACTB, ACTG1, VIM
Simpleaf+QCatch	False	Platelet	17	TAGLN2, TUBB1, CAVIN2, PGRMC1, PPBP, OAZ1, GP1BB, GNAS, GPX1, NRGN
Simpleaf+QCatch	False	FCGR3A Mono	29	LYN, TCF7L2, UTRN, PECAM1, TBXAS1, COTL1, PELATON, SAT1, LST1, FCGR3A
Simpleaf+QCatch	True	cDC	18	HLA-DRB1, CD74, CST3, HLA-DPA1, HLA-DPB1, HLA-DRA, HLA-DQA2, ACTB, ACTG1, VIM
Simpleaf+QCatch	True	Platelet	15	PPBP, TUBA4A, CTSA, TUBB1, TAGLN2, GNAS, CAVIN2, PGRMC1, PF4, FERMT3
Simpleaf+QCatch	True	FCGR3A Mono	27	TCF7L2, LYN, UTRN, FCGR3A, PECAM1, COTL1, PELATON, LST1, TBXAS1, SAT1
